mmsi,first_seen,last_seen,n_positions,n_gaps,n_speed_anomalies,shipname,ship_type,imo,callsign,to_bow,to_stern,to_port,to_starboard,draught,destination
000305036,2022-09-08 12:33:32.629463,2022-09-08 14:56:52.628327,131,1,0,KAIE,0.0,9504102.0,V2QY7,108.0,25.0,8.0,8.0,8.0,RULED
084934656,2022-09-08 14:12:13.233138,2022-09-08 14:12:13.233138,1,0,0,UNKNOWN VESSEL,0.0,0.0,UNKNOWN,0.0,0.0,0.0,0.0,0.0,UNKNOWN
209515000,2022-09-08 00:23:02.735834,2022-09-08 02:15:20.602651,858,0,0,CONTAINERSHIPS POLAR,0.0,9814002.0,5BEG5,152.0,18.0,13.0,14.0,7.4,FIHEL VIA NOK
209917000,2022-09-08 10:46:37.669010,2022-09-08 14:36:17.562400,1178,0,0,WILMA,0.0,9462744.0,5BLS5,81.0,8.0,6.0,7.0,5.7,DKFDV
209968000,2022-09-08 00:00:24.309052,2022-09-08 23:57:24.282211,459,0,0,RIX STREAM,0.0,9111125.0,5BML5,67.0,15.0,6.0,6.0,3.1,TALLINN
210046000,2022-09-08 00:00:34.922162,2022-09-08 23:57:34.015617,462,0,0,RIX LAGOON,0.0,9192624.0,5BTE5,85.0,15.0,6.0,7.0,3.8,EE TLL
210146000,2022-09-08 18:08:23.749047,2022-09-08 18:15:12.815888,6,0,0,STENA PRO PATRIA,0.0,9899727.0,5BRX5,148.0,38.0,21.0,11.0,11.3,LTKLJ>EEPLA
210853000,2022-09-08 09:26:23.269162,2022-09-08 11:02:23.242342,79,1,0,UNKNOWN VESSEL,0.0,0.0,UNKNOWN,0.0,0.0,0.0,0.0,0.0,UNKNOWN
211198140,2022-09-08 00:01:59.295537,2022-09-08 23:57:23.562205,454,0,0,SARAH-MEE 3,36.0,0.0,DA6687,6.0,6.0,1.0,3.0,0.0,UNKNOWN
212179000,2022-09-08 04:33:31.189122,2022-09-08 07:35:20.949190,780,0,0,SWE-TRADER,0.0,9194074.0,5BWR3,85.0,14.0,7.0,7.0,6.0,EEKND
212209000,2022-09-08 11:17:00.455882,2022-09-08 14:26:10.855918,539,2,0,CEMSEA III,0.0,9195925.0,5BZA3,81.0,14.0,3.0,10.0,6.4,FILOV
212376000,2022-09-08 08:59:41.935561,2022-09-08 11:47:12.335758,344,0,0,MARTEN,0.0,9617337.0,5BNU3,78.0,12.0,8.0,5.0,6.0,DKHUN
212521000,2022-09-08 00:08:14.495649,2022-09-08 01:55:05.109274,208,1,0,NORRLAND,0.0,9358278.0,C4KF2,103.0,16.0,8.0,7.0,6.7,BRAKE
215295000,2022-09-08 14:18:55.136226,2022-09-08 16:50:34.762911,313,1,0,POLES,0.0,9254989.0,9HJH7,168.0,22.0,15.0,17.0,12.2,MT MLA
218057000,2022-09-08 09:09:10.256070,2022-09-08 10:51:50.508248,233,1,0,SEASPRAT,0.0,9380477.0,DDSJ,164.0,24.0,16.0,16.0,9.8,FR AMS
219170000,2022-09-08 15:07:06.121689,2022-09-08 17:23:30.042350,768,0,0,VAGA MAERSK,0.0,9778545.0,OWAO2,161.0,39.0,18.0,18.0,10.3,FIKTK > DEWVN
219814000,2022-09-08 00:04:45.749210,2022-09-08 02:15:46.122580,622,0,0,TERN SEA,0.0,9747974.0,OYBD2,120.0,27.0,4.0,18.0,7.3,SE GOT
229038000,2022-09-08 16:38:05.029200,2022-09-08 19:36:35.295889,801,0,0,MARETA,0.0,9537927.0,9HA3013,208.0,41.0,18.0,27.0,14.1,GEDSER DK
229137000,2022-09-08 15:19:06.095403,2022-09-08 16:47:06.068899,220,0,0,KARITA,0.0,9436783.0,9HA5452,107.0,0.0,0.0,16.0,5.5,SWINOUSCIJE
229998000,2022-09-08 19:32:00.735704,2022-09-08 22:18:50.762378,571,1,0,IPEK S,0.0,9499541.0,9HA3784,100.0,22.0,5.0,11.0,5.5,EESLM
230035000,2022-09-08 21:23:36.869177,2022-09-08 23:35:45.669117,3,1,1,UNKNOWN VESSEL,0.0,0.0,UNKNOWN,0.0,0.0,0.0,0.0,0.0,UNKNOWN
230036540,2022-09-08 00:00:28.177158,2022-09-08 23:58:06.204540,479,3,1,DEEPEXPLORER,34.0,0.0,OJ9537,0.0,0.0,0.0,0.0,0.0,UNKNOWN
230042750,2022-09-08 10:49:45.644147,2022-09-08 23:58:52.017525,499,1,0,AQUARIUS,36.0,0.0,OH2008,12.0,1.0,1.0,3.0,0.0,UNKNOWN
230172000,2022-09-08 04:56:04.389332,2022-09-08 17:21:05.722707,398,2,0,AMORELLA,0.0,8601915.0,OIWS,44.0,127.0,14.0,14.0,6.3,HEL - MAR - STO
230368000,2022-09-08 12:20:44.976027,2022-09-08 13:28:15.775801,320,0,0,FINNMASTER,0.0,9132014.0,OJHU,29.0,127.0,13.0,9.0,6.5,"HULL,UK"
230628000,2022-09-08 00:01:46.229396,2022-09-08 23:57:32.842784,7177,4,0,FINLANDIA,0.0,9214379.0,OJPP,45.0,130.0,20.0,7.0,7.0,FIHEL-EETLL-FIHEL
230632000,2022-09-08 08:08:44.815856,2022-09-08 10:32:43.082338,1157,0,0,FINNWAVE,0.0,9468932.0,OJPT,14.0,204.0,7.0,20.0,5.8,HELSINKI
230665000,2022-09-08 00:00:49.375669,2022-09-08 23:57:26.629019,493,0,0,SILVERFORS,30.0,8322765.0,OJRS,29.0,12.0,6.0,4.0,5.0,MIIDURANNA.
230673000,2022-09-08 00:02:54.175802,2022-09-08 23:57:28.735909,1970,1,0,PRIMA QUEEN,0.0,9194282.0,OJSH,73.0,15.0,2.0,11.0,5.8,MUUGA
230685000,2022-09-08 00:03:55.509418,2022-09-08 23:50:50.629423,2764,3,0,FINBO CARGO,0.0,9181106.0,OJST,25.0,155.0,7.0,17.0,6.5,FIVSS<->EEMUU
230688000,2022-09-08 23:41:01.136064,2022-09-08 23:59:56.789337,62,0,0,JATULI,0.0,9892444.0,OJTF,203.0,47.0,18.0,26.0,10.9,NOKAR>FISKV
230689000,2022-09-08 00:05:01.829506,2022-09-08 04:06:51.829065,1097,0,0,UIKKU,0.0,9797814.0,OJTI,126.0,30.0,11.0,13.0,6.7,NLRTM>FISKV
230695000,2022-09-08 17:05:49.989064,2022-09-08 23:56:45.988864,1173,2,0,PRIMA KING,0.0,9195822.0,OJUC,80.0,9.0,8.0,5.0,6.7,EEMUG
230940700,2022-09-08 19:05:59.880096,2022-09-08 23:58:25.403775,197,0,0,ALISA,36.0,0.0,OH3849,8.0,4.0,2.0,2.0,0.0,UNKNOWN
230956000,2022-09-08 05:46:44.123683,2022-09-08 08:25:54.095581,538,0,0,KIISLA,0.0,9267558.0,OJKY,111.0,29.0,6.0,16.0,6.4,FI SKV
230957000,2022-09-08 21:19:58.122479,2022-09-08 23:34:17.296041,527,0,0,SUULA,0.0,9267560.0,OJKZ,111.0,29.0,14.0,8.0,8.0,FISKV>SESDL
230987000,2022-09-08 02:44:08.842339,2022-09-08 16:03:46.389080,798,3,0,FINNLADY,0.0,9336268.0,OJMQ,26.0,193.0,16.0,15.0,7.1,DETRV
230989380,2022-09-08 00:08:44.042264,2022-09-08 23:57:39.562242,381,1,0,TRITON,0.0,9426958.0,OJLX,12.0,14.0,5.0,3.0,4.4,MUUGA
232035207,2022-09-08 00:22:46.149167,2022-09-08 00:22:46.149167,1,0,0,UNKNOWN VESSEL,0.0,0.0,UNKNOWN,0.0,0.0,0.0,0.0,0.0,UNKNOWN
238247140,2022-09-08 00:06:26.442503,2022-09-08 23:56:22.629369,313,11,0,COOL CAT,37.0,0.0,9AA7791,9.0,3.0,3.0,4.0,0.0,UNKNOWN
239838000,2022-09-08 22:11:35.268959,2022-09-08 23:57:56.149208,329,1,0,AMAZON,0.0,9233260.0,SWVU,201.0,24.0,19.0,13.0,14.2,EE TLL
240565000,2022-09-08 08:32:49.722314,2022-09-08 12:19:00.842949,1129,0,0,PROPONTIS,0.0,9305623.0,SZGY,204.0,45.0,20.0,24.0,8.5,RU PRI
244090097,2022-09-08 18:14:18.869151,2022-09-08 20:30:25.135565,1003,0,0,CORAL ENERGICE,0.0,9783124.0,PBRS,136.0,28.0,10.0,15.0,6.1,EE TLL
244255000,2022-09-08 14:13:01.269388,2022-09-08 16:32:52.881696,544,0,0,ESCAPE,0.0,9491501.0,PBBU,156.0,13.0,13.0,13.0,9.5,PLGDN
244874000,2022-09-08 13:26:06.469280,2022-09-08 15:51:18.335894,1009,0,0,EMOTION,0.0,9359258.0,PBKY,155.0,15.0,18.0,7.0,7.1,PL GDY > FI HEL
245147000,2022-09-08 00:01:42.389015,2022-09-08 17:38:39.722502,887,0,0,FRISIAN SUMMER,0.0,9367762.0,PHNB,110.0,8.0,6.0,6.0,6.3,FIKTK
246411968,2022-09-08 00:36:35.536108,2022-09-08 00:36:35.536108,1,0,0,UNKNOWN VESSEL,0.0,0.0,UNKNOWN,0.0,0.0,0.0,0.0,0.0,UNKNOWN
246412000,2022-09-08 00:09:35.749199,2022-09-08 02:37:05.509051,484,0,0,CROWN MARY,0.0,9466219.0,PBUL,76.0,12.0,9.0,4.0,5.6,FIHMN
246447000,2022-09-08 03:47:21.882251,2022-09-08 05:39:51.882647,388,0,0,LADY CLARISSA,0.0,9201803.0,PDBB,96.0,12.0,4.0,12.0,6.0,DEEME
246499000,2022-09-08 23:55:29.322270,2022-09-08 23:55:29.322270,1,0,0,UNKNOWN VESSEL,0.0,0.0,UNKNOWN,0.0,0.0,0.0,0.0,0.0,UNKNOWN
246724000,2022-09-08 01:28:17.269119,2022-09-08 05:26:27.589188,1230,0,0,JADE,0.0,9411769.0,PCDI,71.0,18.0,10.0,2.0,5.7,NOSVG
247114900,2022-09-08 00:02:52.495611,2022-09-08 23:59:52.362163,411,0,0,AIDAVITA,0.0,9221554.0,IBNP,36.0,167.0,14.0,14.0,6.3,EETLL - PIER 24
248020000,2022-09-08 02:00:58.815884,2022-09-08 05:22:17.540700,891,0,0,SOLA TS,0.0,9724350.0,9HA4480,205.0,45.0,8.0,36.0,8.5,FIPRV - NOMON
248615000,2022-09-08 02:33:02.481467,2022-09-08 04:45:22.735805,520,0,0,KLARIKA,0.0,9342164.0,9HA4724,93.0,15.0,8.0,8.0,4.0,RULED
248738000,2022-09-08 00:00:08.415931,2022-09-08 02:08:48.949115,650,0,0,KAURI,0.0,9173226.0,9HA2490,92.0,15.0,4.0,10.0,4.2,VYBORG
249855000,2022-09-08 00:02:17.296009,2022-09-08 23:59:31.029366,351,8,0,RYMAN,0.0,9777931.0,9HA4401,205.0,45.0,18.0,26.0,8.2,EE TLL ORDERS
255620000,2022-09-08 10:17:00.922577,2022-09-08 12:40:52.442737,538,0,0,TORNEDALEN,0.0,9190808.0,CQCJ,81.0,19.0,1.0,14.0,6.3,FIKTK
255806139,2022-09-08 13:55:01.295928,2022-09-08 23:58:11.455739,801,0,0,DANITA,0.0,9341108.0,CQAC9,99.0,17.0,8.0,9.0,6.1,EEBEK
255806246,2022-09-08 20:59:25.695846,2022-09-08 23:59:55.642723,519,2,0,LIVLAND,0.0,9237034.0,CQAQ4,80.0,20.0,11.0,5.0,5.4,MUSSALO
255806451,2022-09-08 21:48:17.402744,2022-09-08 23:59:56.949283,531,0,0,NORDIC ITALIA,0.0,9474395.0,CQEP8,134.0,24.0,3.0,21.0,7.9,FI HEL
255806452,2022-09-08 23:24:17.829463,2022-09-08 23:59:48.442803,133,0,0,NORDIC ISTRIA,0.0,9474383.0,CQEP9,140.0,18.0,4.0,20.0,8.7,ROTTERDAM
256332000,2022-09-08 09:21:54.122452,2022-09-08 12:04:03.882885,500,1,0,MINERVA PACIFICA,0.0,9325831.0,9HA3888,148.0,32.0,20.0,12.0,10.2,LVRIX
256341000,2022-09-08 00:02:55.108984,2022-09-08 23:56:56.869216,419,0,0,KADRI,0.0,9114725.0,9HRQ8,87.0,13.0,8.0,6.0,3.6,EEPAS
257037140,2022-09-08 00:01:25.109111,2022-09-08 00:58:35.322447,148,0,0,EK-RIVER,0.0,9808259.0,LAEK8,128.0,26.0,18.0,6.0,7.3,FISKV
257084390,2022-09-08 00:02:10.175523,2022-09-08 23:58:07.055572,413,0,0,FAMITA,0.0,9250438.0,LAIN8,82.0,7.0,4.0,10.0,4.2,EETLL
257538000,2022-09-08 00:01:50.221488,2022-09-08 23:58:58.541492,455,0,0,WILSON PALDISKI,0.0,9373527.0,LAJX8,80.0,10.0,5.0,10.0,3.8,EETLL
257834000,2022-09-08 09:22:51.562637,2022-09-08 10:58:32.016139,119,1,0,STEN BERGEN,0.0,9407988.0,LAOY8,114.0,30.0,8.0,15.0,8.8,FIOUL
257900000,2022-09-08 07:22:55.590328,2022-09-08 07:28:38.123782,21,0,0,UNKNOWN VESSEL,0.0,0.0,UNKNOWN,0.0,0.0,0.0,0.0,0.0,UNKNOWN
258681000,2022-09-08 00:00:11.322436,2022-09-08 02:55:22.149230,708,0,0,BIMI,0.0,8914295.0,LAXO7,80.0,8.0,6.0,7.0,5.9,SESLI
265004000,2022-09-08 05:22:05.642603,2022-09-08 17:15:55.109035,869,2,0,SILJA SYMPHONY,0.0,8803769.0,SCGB,44.0,159.0,16.0,16.0,7.1,FI HEL > FI MHQ
266471000,2022-09-08 11:22:03.962763,2022-09-08 15:49:35.109555,1252,0,0,TELLUS,0.0,9321615.0,SBGJ,100.0,24.0,15.0,3.0,6.4,PORVOO
269108230,2022-09-08 09:05:54.977307,2022-09-08 13:27:17.644386,343,1,0,NASHIRA,37.0,0.0,HBY4904,13.0,1.0,2.0,2.0,0.0,UNKNOWN
271042567,2022-09-08 10:40:13.109180,2022-09-08 14:08:30.762770,894,0,0,ULUSOY-12,0.0,9586423.0,TCZU5,198.0,31.0,19.0,13.0,6.9,UST LUGA
273214860,2022-09-08 03:43:36.575575,2022-09-08 05:32:27.882615,319,1,0,MARSHAL ROKOSSOVSKY,0.0,9872341.0,UGVB,13.0,187.0,24.0,3.0,6.0,RU ULU-RU KGD-RU ULU
273396130,2022-09-08 07:33:47.322727,2022-09-08 09:19:10.149295,231,0,0,URSA MAJOR,0.0,9538892.0,UFUZ,16.0,126.0,18.0,5.0,7.2,RU KGD
275430000,2022-09-08 00:00:52.602209,2022-09-08 23:57:51.482398,448,0,0,ISABELLE,0.0,8700723.0,YLEZ,44.0,127.0,14.0,14.0,6.0,LV RIX>EE VAN
275437000,2022-09-08 02:26:41.508931,2022-09-08 23:59:43.588797,1233,0,0,FLAGMAN 1,80.0,8008498.0,YL2822,67.0,13.0,10.0,3.0,4.5,EEVEB
275494000,2022-09-08 00:02:54.308924,2022-09-08 23:57:18.575536,2381,0,0,RISTNA,0.0,7915113.0,YLPE,85.0,13.0,5.0,9.0,5.9,"AA""G"""
275510000,2022-09-08 06:47:03.082510,2022-09-08 10:42:53.215818,727,2,0,DELFIN,0.0,9173161.0,YLRA,80.0,10.0,13.0,1.0,3.9,KUNDA
276001840,2022-09-08 00:00:04.869399,2022-09-08 23:59:56.175877,8417,0,0,SUNRAY,0.0,0.0,ES2850,7.0,13.0,3.0,3.0,0.0,UNKNOWN
276001930,2022-09-08 00:01:42.257362,2022-09-08 23:57:51.937478,758,0,0,NORDEA,36.0,0.0,ES2859,7.0,5.0,6.0,1.0,0.0,UNKNOWN
276002220,2022-09-08 06:05:32.895480,2022-09-08 14:40:54.281849,7061,1,7,M-41,0.0,0.0,UNKNOWN,0.0,0.0,0.0,0.0,0.0,UNKNOWN
276002350,2022-09-08 00:00:43.724070,2022-09-08 23:57:45.350753,345,2,0,ELIZABETH,37.0,0.0,ES2893,6.0,3.0,1.0,2.0,0.0,UNKNOWN
276003580,2022-09-08 00:00:01.882199,2022-09-08 23:59:51.535516,8680,0,0,AHTO- 07,0.0,0.0,ES2999,14.0,4.0,2.0,2.0,2.5,UNKNOWN
276003870,2022-09-08 00:00:43.217220,2022-09-08 23:57:42.950524,445,0,0,VESILEENU EST157,36.0,0.0,ES3027,6.0,1.0,2.0,0.0,0.0,UNKNOWN
276005080,2022-09-08 18:42:56.203986,2022-09-08 22:42:56.017126,4,3,0,INGEBORG,0.0,0.0,UNKNOWN,0.0,0.0,0.0,0.0,0.0,UNKNOWN
276005280,2022-09-08 00:00:00.122338,2022-09-08 23:59:56.069009,11121,1,0,AHTO-14,0.0,0.0,ES3162,13.0,2.0,2.0,2.0,1.4,ROHUNEEME
276005470,2022-09-08 00:02:44.790824,2022-09-08 23:59:44.363893,472,0,0,CASSANDRA,37.0,0.0,ES3182,5.0,5.0,4.0,0.0,0.0,UNKNOWN
276005880,2022-09-08 00:00:29.217605,2022-09-08 23:57:40.897608,468,0,0,ELIZA,36.0,0.0,ES3225,7.0,3.0,1.0,2.0,0.0,UNKNOWN
276006460,2022-09-08 14:18:38.497648,2022-09-08 18:25:58.524130,470,0,0,RAPUNZEL - VLJ669,36.0,0.0,ES3282,10.0,5.0,3.0,2.0,0.0,UNKNOWN
276006710,2022-09-08 14:19:58.071016,2022-09-08 15:20:55.403927,110,0,0,MARGARITHA,36.0,0.0,ES3308,4.0,5.0,2.0,1.0,0.0,UNKNOWN
276006890,2022-09-08 00:23:38.204099,2022-09-08 23:56:39.110925,347,6,0,MARIANNE,37.0,0.0,ES3317,5.0,6.0,4.0,1.0,0.0,UNKNOWN
276007380,2022-09-08 00:00:14.255903,2022-09-08 23:57:11.882755,362,0,0,QUEEN ANN,36.0,0.0,ES3365,9.0,5.0,3.0,2.0,0.0,UNKNOWN
276007420,2022-09-08 00:02:17.429259,2022-09-08 23:51:22.748482,774,1,5,KIRSTI,37.0,0.0,ES3370,6.0,4.0,2.0,1.0,0.0,UNKNOWN
276007520,2022-09-08 00:00:41.803689,2022-09-08 14:13:56.937886,489,1,0,DEJA VU,36.0,0.0,ES3383,11.0,1.0,0.0,4.0,0.0,UNKNOWN
276007600,2022-09-08 00:01:02.103818,2022-09-08 22:28:03.026276,424,0,0,EST-557 SIIRIUS,37.0,0.0,ES3391,7.0,5.0,1.0,3.0,0.0,UNKNOWN
276008240,2022-09-08 14:39:14.601944,2022-09-08 18:46:04.895542,288,1,3,UNKNOWN VESSEL,30.0,0.0,ES3454,6.0,3.0,2.0,2.0,0.0,UNKNOWN
276008340,2022-09-08 00:00:14.388962,2022-09-08 23:58:15.268986,438,2,0,PANTU,0.0,0.0,ES2663,7.0,5.0,2.0,1.0,1.8,EEPAS
276008650,2022-09-08 00:08:04.389413,2022-09-08 23:59:03.189235,322,4,0,KLARINA,37.0,0.0,ES3494,3.0,5.0,2.0,1.0,0.0,UNKNOWN
276009510,2022-09-08 00:00:15.815501,2022-09-08 23:57:16.710470,474,0,0,VENUS SL,60.0,0.0,ESVN,11.0,17.0,6.0,2.0,0.0,UNKNOWN
276009710,2022-09-08 14:09:47.434886,2022-09-08 14:30:46.527950,6,0,0,MARELLA II,37.0,0.0,ES3599,0.0,0.0,0.0,0.0,0.0,UNKNOWN
276009740,2022-09-08 11:30:49.935825,2022-09-08 11:33:53.269124,2,0,0,UNKNOWN VESSEL,37.0,0.0,ES3602,4.0,7.0,2.0,2.0,0.0,UNKNOWN
276010040,2022-09-08 07:01:45.379549,2022-09-08 15:41:06.255582,325,0,7,SAR TALLINN,37.0,0.0,VLV052,0.0,0.0,0.0,0.0,0.0,UNKNOWN
276010300,2022-09-08 00:04:34.789136,2022-09-08 23:58:23.242444,403,1,0,STELLA MARIS AMA-967,37.0,0.0,ES3655,0.0,8.0,0.0,3.0,0.0,UNKNOWN
276010310,2022-09-08 00:02:53.802357,2022-09-08 23:59:52.895513,422,0,0,M-80,0.0,0.0,ESY3080,10.0,1.0,0.0,4.0,0.0,UNKNOWN
276010380,2022-09-08 00:00:04.444625,2022-09-08 23:59:50.471164,468,0,0,JAZZ EST935,37.0,0.0,ES3662,7.0,4.0,3.0,0.0,0.0,UNKNOWN
276010520,2022-09-08 00:01:40.442497,2022-09-08 23:53:41.936038,511,0,0,AMILDE,36.0,0.0,ES3675,7.0,5.0,3.0,1.0,0.0,UNKNOWN
276010590,2022-09-08 00:02:00.284054,2022-09-08 23:50:00.150479,235,4,0,KLAARA,37.0,0.0,ES3682,0.0,0.0,0.0,0.0,0.0,UNKNOWN
276010630,2022-09-08 00:02:59.137278,2022-09-08 23:59:59.723988,437,0,0,AXOPAR T,37.0,0.0,ES3686,5.0,6.0,1.0,2.0,0.0,UNKNOWN
276010760,2022-09-08 00:02:42.309405,2022-09-08 23:59:30.161610,839,1,4,VKA-136,37.0,0.0,ES3699,8.0,0.0,0.0,2.0,0.0,UNKNOWN
276010780,2022-09-08 00:00:21.857005,2022-09-08 23:57:21.868776,457,0,0,AXOPAR (ANDRESA),37.0,0.0,ES3701,5.0,6.0,2.0,2.0,0.0,UNKNOWN
276010830,2022-09-08 00:01:49.749226,2022-09-08 23:58:51.456143,364,0,0,ETTA,37.0,0.0,ES3706,5.0,5.0,2.0,2.0,0.0,UNKNOWN
276010840,2022-09-08 00:02:27.269161,2022-09-08 23:59:25.109289,381,0,0,HIPPOCAMP,37.0,0.0,ES3707,6.0,6.0,3.0,1.0,0.0,UNKNOWN
276010860,2022-09-08 00:02:23.910847,2022-09-08 23:57:23.777296,320,9,0,ANGEL ROSE VKB-122,37.0,0.0,ES3709,5.0,6.0,2.0,2.0,0.0,UNKNOWN
276011120,2022-09-08 00:02:43.621192,2022-09-08 23:56:46.675190,458,0,0,SLEEPER,36.0,0.0,ES3733,6.0,5.0,3.0,1.0,0.0,UNKNOWN
276011300,2022-09-08 15:40:46.562192,2022-09-08 17:35:45.602589,89,0,3,ELEANOR,37.0,0.0,ES3751,7.0,2.0,3.0,0.0,0.0,UNKNOWN
276011470,2022-09-08 00:00:51.590694,2022-09-08 23:56:45.964055,496,0,5,AXOPAR VKB-544,37.0,0.0,ES3768,5.0,6.0,2.0,2.0,0.0,UNKNOWN
276011780,2022-09-08 00:01:15.882522,2022-09-08 23:34:10.695063,264,12,0,MARLEEN,37.0,0.0,ES3799,4.0,5.0,2.0,1.0,0.0,UNKNOWN
276011810,2022-09-08 00:02:17.750506,2022-09-08 23:57:17.190631,458,0,0,SANNE-MARIE,37.0,0.0,ES3802,5.0,6.0,2.0,1.0,0.0,UNKNOWN
276012100,2022-09-08 00:03:18.367226,2022-09-08 14:15:17.457400,146,8,0,SIRET,37.0,0.0,ES3830,0.0,0.0,0.0,0.0,0.0,UNKNOWN
276012310,2022-09-08 02:05:54.949231,2022-09-08 23:56:40.895931,362,19,3,EHE,37.0,0.0,ES3851,6.0,6.0,2.0,2.0,0.0,UNKNOWN
276012340,2022-09-08 00:12:18.042625,2022-09-08 23:57:17.269260,371,1,0,HOPPER,36.0,0.0,ES3854,7.0,6.0,1.0,3.0,0.0,UNKNOWN
276012370,2022-09-08 00:06:19.910694,2022-09-08 23:48:19.857583,94,22,0,SILEGNA,37.0,0.0,ES3857,12.0,2.0,2.0,2.0,0.0,UNKNOWN
276012470,2022-09-08 18:52:51.430140,2022-09-08 18:52:51.430140,1,0,0,UNKNOWN VESSEL,0.0,0.0,UNKNOWN,0.0,0.0,0.0,0.0,0.0,UNKNOWN
276012530,2022-09-08 00:01:39.484105,2022-09-08 23:58:48.630694,474,0,0,HAKUNA MATATA,36.0,0.0,ES,7.0,5.0,0.0,4.0,0.0,UNKNOWN
276012550,2022-09-08 00:01:04.709118,2022-09-08 23:58:03.909144,372,0,0,GURGI,36.0,0.0,ES3875,5.0,4.0,2.0,1.0,0.0,UNKNOWN
276012650,2022-09-08 00:02:09.135842,2022-09-08 23:59:12.629137,376,0,0,ASTRID,37.0,0.0,ES3885,10.0,2.0,2.0,2.0,0.0,UNKNOWN
276013460,2022-09-08 14:10:23.856069,2022-09-08 14:19:19.029368,4,0,0,VESPER,37.0,0.0,ES3965,10.0,1.0,1.0,1.0,0.0,UNKNOWN
276158000,2022-09-08 00:01:54.739226,2022-09-08 23:58:55.615511,442,0,0,TARMO,90.0,5352886.0,ESZA,32.0,53.0,17.0,5.0,6.5,TLN 1 - HUNDIPEA
276260000,2022-09-08 00:00:06.895511,2022-09-08 23:59:57.455546,8596,0,0,NAFTA,0.0,8853946.0,ES2388,42.0,18.0,5.0,6.0,4.0,PALJASSAARE SADAM
276329000,2022-09-08 00:03:20.255573,2022-09-08 23:57:20.949010,324,5,0,SALME,0.0,7431337.0,ES2408,19.0,12.0,2.0,5.0,3.2,SURVEY
276330000,2022-09-08 00:00:09.349021,2022-09-08 23:59:49.429152,8085,0,0,AHTO-03,50.0,0.0,ES2409,11.0,5.0,2.0,3.0,2.5,ROHUNEEME
276415000,2022-09-08 00:03:01.562401,2022-09-08 23:59:55.242352,6114,0,0,EVA-316,0.0,7917977.0,ESTF,21.0,39.0,6.0,6.0,3.8,HND TAL 1 HND
276432000,2022-09-08 00:00:03.642196,2022-09-08 23:59:54.548932,8163,0,0,EVA-318,0.0,0.0,ES2061,10.0,9.0,2.0,3.0,0.9,HUNDIPEA
276538000,2022-09-08 00:00:10.362162,2022-09-08 23:59:51.135558,8042,0,0,LOTOS,0.0,8846711.0,ES2099,15.0,15.0,4.0,3.0,3.0,PALJASSAARE
276548000,2022-09-08 11:48:52.735923,2022-09-08 23:59:52.335747,3581,0,0,AHTO-20,50.0,0.0,ES2576,12.0,3.0,3.0,3.0,1.8,ROHUNEEME
276554000,2022-09-08 00:00:01.962593,2022-09-08 23:58:37.909290,2156,1,0,REGAL STAR,0.0,9087116.0,ESCM,112.0,45.0,10.0,14.0,6.4,EE VAN><FI VSS
276611000,2022-09-08 00:01:57.429296,2022-09-08 23:49:55.082622,377,1,0,CENTAUR,36.0,0.0,ES2621,6.0,4.0,3.0,0.0,0.0,UNKNOWN
276629000,2022-09-08 00:02:06.015512,2022-09-08 23:58:25.268941,520,0,0,MONTU,0.0,8846682.0,ES2108,0.0,30.0,0.0,8.0,3.0,TALLINN
276636000,2022-09-08 00:00:04.549156,2022-09-08 23:59:54.415846,9202,0,0,ARKTURUS,0.0,9375331.0,ES2642,6.0,13.0,4.0,5.0,4.0,TALLINN
276643000,2022-09-08 00:00:00.922554,2022-09-08 23:59:20.949246,2559,2,0,ROSSVIK,0.0,8027212.0,ES2647,19.0,8.0,5.0,3.0,4.0,MEERUSE
276645000,2022-09-08 00:00:03.295754,2022-09-08 23:59:53.055783,8258,0,0,AHTO-24,0.0,0.0,ES2649,12.0,6.0,2.0,3.0,1.0,HOME
276672000,2022-09-08 05:03:30.442332,2022-09-08 20:34:56.148988,6406,2,0,STAR,0.0,9364722.0,ESCJ,39.0,147.0,12.0,16.0,6.4,FIHEL<=>EEVAN
276674000,2022-09-08 14:10:37.191158,2022-09-08 17:07:33.484102,244,1,0,LULU,36.0,0.0,ES2676,11.0,7.0,3.0,2.0,0.0,UNKNOWN
276675000,2022-09-08 18:10:29.615718,2022-09-08 23:59:49.695764,1843,0,0,UNKNOWN VESSEL,0.0,0.0,UNKNOWN,14.0,5.0,2.0,2.0,2.0,HOME
276702000,2022-09-08 00:00:04.042670,2022-09-08 23:59:53.082629,6595,1,0,AHTO-26,0.0,0.0,ES2693,15.0,4.0,3.0,1.0,1.5,MEERUSE
276714000,2022-09-08 00:02:55.749268,2022-09-08 23:59:53.536032,351,2,0,S/Y ELINA,36.0,0.0,ES2705,10.0,5.0,4.0,1.0,0.0,UNKNOWN
276756000,2022-09-08 00:01:33.429474,2022-09-08 23:50:52.335802,2870,17,0,AHTO-28,0.0,0.0,ES2735,13.0,7.0,2.0,2.0,1.5,ROHUNEEME
276779000,2022-09-08 05:40:09.242902,2022-09-08 16:19:18.575854,1601,0,0,BALTIC QUEEN,0.0,9443255.0,ESJJ,29.0,183.0,17.0,17.0,6.2,EEVAN<>FIMHQ<>SESTO
276781000,2022-09-08 00:00:35.615749,2022-09-08 23:57:14.042414,488,0,0,SEKTORI,0.0,8410158.0,ES2800,23.0,10.0,4.0,4.0,2.5,TALLINN
276784000,2022-09-08 00:06:54.842444,2022-09-08 23:54:57.215831,148,22,0,AHTO-01,0.0,0.0,ES2819,13.0,5.0,2.0,2.0,0.0,MUUGA
276785000,2022-09-08 00:00:04.735822,2022-09-08 23:59:55.082427,6839,0,1,KOTKAS,0.0,8722551.0,ESJN,5.0,18.0,5.0,2.0,3.5,MIIDURANNA
276787000,2022-09-08 00:00:06.842742,2022-09-08 23:59:57.029416,8490,0,0,VIRU,0.0,0.0,ESJP,7.0,18.0,5.0,2.0,3.2,TALLINN-MEERUSE
276798000,2022-09-08 00:00:08.682281,2022-09-08 23:58:49.269150,7714,0,1,JAKOB PREI,0.0,9580431.0,ES2908,10.0,13.0,10.0,3.0,2.7,HUNDIPEA
276807000,2022-09-08 00:00:10.255835,2022-09-08 23:57:10.895756,461,0,0,SILJA EUROPA,0.0,8919805.0,ESUJ,25.0,177.0,16.0,16.0,6.5,EEVAN<>FIHEL
276809000,2022-09-08 02:28:11.322321,2022-09-08 08:59:28.922366,22,6,1,ATLAS,0.0,7330337.0,ESRN,5.0,28.0,5.0,5.0,5.1,EE MUG
276810000,2022-09-08 03:38:12.096035,2022-09-08 13:05:10.122822,3855,1,0,WRANGO,0.0,9690690.0,ESKB,14.0,10.0,3.0,3.0,1.9,EEKEL<>EELEP
276813000,2022-09-08 00:02:46.655980,2022-09-08 23:57:24.575981,3066,2,0,VIKING XPRS,0.0,9375654.0,ESKC,24.0,161.0,14.0,14.0,6.5,TALLINN<>HELSINKI
276816000,2022-09-08 00:02:59.695680,2022-09-08 23:59:59.535782,422,0,0,PROTECTOR,0.0,6504228.0,ESND,16.0,24.0,2.0,8.0,4.0,MUUGA
276826000,2022-09-08 00:01:58.762330,2022-09-08 23:56:10.869063,461,0,0,AGOT,0.0,7700594.0,ESGW,56.0,7.0,6.0,5.0,3.3,EEPAS
276829000,2022-09-08 00:02:36.015492,2022-09-08 23:54:41.588845,5713,3,0,MEGASTAR,0.0,9773064.0,ESKL,23.0,190.0,18.0,18.0,6.7,EEVAN<>FIHEL
276832000,2022-09-08 03:23:46.602590,2022-09-08 07:20:11.509382,620,2,0,VEGA,0.0,7607869.0,ESKU,16.0,17.0,5.0,5.0,3.9,PALDISKI
276835000,2022-09-08 00:00:02.175533,2022-09-08 23:59:52.682301,9008,0,0,TORVIK,0.0,0.0,ESKW,7.0,13.0,3.0,3.0,3.6,PALJASSAARE
276837000,2022-09-08 00:00:36.602329,2022-09-08 23:58:34.042522,627,0,0,AGAR,52.0,9823089.0,ESKX,12.0,13.0,5.0,4.0,3.6,VENEBALTI
276841000,2022-09-08 00:00:01.722341,2022-09-08 23:59:51.348928,8178,0,0,HIIESAARE,0.0,8878348.0,ESLA,6.0,17.0,4.0,3.0,3.3,MIIDURANNA
276844000,2022-09-08 00:02:29.777102,2022-09-08 23:59:16.470543,477,0,0,TEBRA,56.0,0.0,ESLE,17.0,6.0,4.0,2.0,0.0,UNKNOWN
276849000,2022-09-08 19:27:12.602382,2022-09-08 23:09:43.028974,980,1,0,DARINA,0.0,7700582.0,ESLJ,58.0,5.0,3.0,8.0,3.9,LVRIX
276853000,2022-09-08 00:00:05.162286,2022-09-08 21:33:25.589083,6787,2,1,RANDI,0.0,8911437.0,ESLN,30.0,8.0,4.0,4.0,4.4,MIIDURANNA
276854000,2022-09-08 23:57:11.749006,2022-09-08 23:58:42.415693,2,0,0,UNKNOWN VESSEL,0.0,0.0,UNKNOWN,0.0,0.0,0.0,0.0,0.0,UNKNOWN
276861000,2022-09-08 00:13:38.362305,2022-09-08 23:20:15.508934,925,17,0,HELIOS,0.0,9875886.0,ESLT,16.0,16.0,6.0,6.0,5.9,JADE BLOSSOM
276864000,2022-09-08 00:01:48.042297,2022-09-08 23:58:48.842189,435,0,0,VEGTIND,0.0,9111711.0,ESLX,12.0,14.0,3.0,5.0,1.5,PATAREI=AEGNA
276866000,2022-09-08 00:03:51.695759,2022-09-08 22:27:51.402043,108,20,0,KRAFT,0.0,7618399.0,ESRO,10.0,25.0,4.0,5.0,5.2,EEMUG
304047000,2022-09-08 00:02:15.802435,2022-09-08 23:59:51.829031,403,0,0,KESSU,0.0,9519808.0,V2HS7,92.0,11.0,10.0,5.0,2.0,EE TLL
305036000,2022-09-08 12:50:32.469194,2022-09-08 14:59:13.055132,110,2,0,KAIE,0.0,9504102.0,V2QY7,108.0,25.0,8.0,14.0,8.0,RULED
305198000,2022-09-08 00:01:11.882242,2022-09-08 23:58:22.442359,479,0,0,DOLFIJN,0.0,8815786.0,V2PT6,74.0,7.0,9.0,3.0,2.5,EE TLL
305201000,2022-09-08 08:26:09.295770,2022-09-08 12:18:48.709521,1041,0,0,KAROLIINA,0.0,9381380.0,V2OZ6,112.0,8.0,11.0,4.0,4.4,RU LED
305981000,2022-09-08 00:41:10.096043,2022-09-08 02:44:51.269471,510,0,0,LISA LEHMANN,0.0,9325130.0,V2GL4,81.0,9.0,11.0,4.0,3.9,FIPRS
309175000,2022-09-08 00:04:26.922512,2022-09-08 12:46:46.415958,824,12,0,ICELANDICA HAV,0.0,8128884.0,C6VC3,66.0,16.0,11.0,1.0,3.0,GDYNIA
311001059,2022-09-08 00:45:16.122539,2022-09-08 23:59:57.802741,1933,4,1,NORWEGIAN PRIMA,0.0,9823986.0,C6FB3,37.0,256.0,21.0,23.0,8.4,EE TLL
312771000,2022-09-08 00:00:05.749139,2022-09-08 23:57:39.295799,3102,0,0,SIGHVATUR BJARNASON,0.0,738291400.0,V3YK5,36.0,33.0,3.0,7.0,5.1,TALLINN
314206000,2022-09-08 00:00:30.629011,2022-09-08 23:57:59.482463,460,0,0,WILSON GARSTON,0.0,9000833.0,8PSO,68.0,15.0,7.0,6.0,3.8,EE TLL
314220000,2022-09-08 00:02:19.988950,2022-09-08 23:59:18.415633,460,0,0,WILSON DVINA,0.0,9005742.0,8PTC,80.0,9.0,7.0,7.0,3.8,EETLL
314396000,2022-09-08 00:02:10.282360,2022-09-08 23:59:16.175801,473,0,0,WILSON FLUSHING,0.0,9491745.0,8PAH3,72.0,18.0,8.0,7.0,3.8,TALLINN
314475000,2022-09-08 00:01:38.842479,2022-09-08 23:57:11.108985,524,1,0,WILSON MONSOON,70.0,9163582.0,8PAR3,80.0,10.0,8.0,6.0,3.3,EEVEB
352001469,2022-09-08 15:39:21.908972,2022-09-08 18:53:41.109092,902,0,0,WL MUROM,0.0,9674385.0,3E2486,165.0,15.0,10.0,20.0,6.4,SAINT PETERSBURG
352292000,2022-09-08 15:07:37.801919,2022-09-08 17:53:28.362674,660,1,0,COREWISE OL,0.0,9636395.0,3FEX6,153.0,25.0,20.0,8.0,8.6,KIEL CANAL
369786895,2022-09-08 06:33:25.872481,2022-09-08 06:33:25.872481,1,0,0,UNKNOWN VESSEL,0.0,0.0,UNKNOWN,0.0,0.0,0.0,0.0,0.0,UNKNOWN
371057000,2022-09-08 09:47:30.948935,2022-09-08 13:16:31.296095,836,1,0,MSC ELOISE,78.0,8917778.0,3ENH9,184.0,57.0,26.0,6.0,11.2,SAINT PETERSBURG
375354000,2022-09-08 00:02:43.135748,2022-09-08 23:59:43.535848,455,0,0,SCANLARK,0.0,8505915.0,J8B3399,61.0,14.0,1.0,9.0,2.6,EETLL
413492850,2022-09-08 17:53:57.375685,2022-09-08 23:45:09.909213,21,7,0,TIAN EN,0.0,9774587.0,BOKG,170.0,20.0,18.0,10.0,8.3,HELSINKI
477112400,2022-09-08 09:20:02.789454,2022-09-08 12:12:12.789698,157,2,0,SABETTA,0.0,9784611.0,VRQZ6,206.0,39.0,16.0,28.0,11.6,ROTTERDAM
477118700,2022-09-08 18:07:41.295746,2022-09-08 23:58:14.175588,644,0,0,UST LUGA,0.0,9740469.0,VRRA9,206.0,44.0,16.0,28.0,9.0,TALLINN G-ANCHORAGE
538002776,2022-09-08 07:21:13.562802,2022-09-08 08:46:14.789244,57,1,0,USMA,0.0,9323364.0,V7LO2,164.0,31.0,24.0,8.0,10.7,RU ULU >LVVNT
538005398,2022-09-08 08:01:43.242416,2022-09-08 10:51:53.087249,691,0,0,STI PIMLICO,0.0,9686871.0,V7DL7,150.0,34.0,21.0,6.0,7.2,PORVOO
538007588,2022-09-08 04:30:44.895947,2022-09-08 08:22:23.962522,1135,0,0,CLIPPER LIS,0.0,9515723.0,V7VT7,144.0,25.0,15.0,13.0,5.9,EESLM
538007673,2022-09-08 00:00:03.375622,2022-09-08 15:03:51.241591,1986,0,0,SEVEN SEAS SPLENDOR,0.0,9807085.0,V7ZZ6,40.0,184.0,16.0,16.0,7.2,"RIGA, LATVIA"
538007812,2022-09-08 00:01:39.668953,2022-09-08 23:58:44.735639,466,0,0,JADE BLOSSOM,0.0,9354179.0,V7BU7,149.0,34.0,12.0,22.0,6.8,FOR ORDERS
538008914,2022-09-08 00:01:01.322512,2022-09-08 23:55:01.322703,364,5,0,NISSOS IOS,0.0,9886770.0,V7A2901,231.0,43.0,14.0,34.0,9.3,RU ULU
538009864,2022-09-08 05:40:44.709054,2022-09-08 08:01:46.442426,75,2,0,UNKNOWN VESSEL,0.0,0.0,UNKNOWN,0.0,0.0,0.0,0.0,0.0,UNKNOWN
538010007,2022-09-08 14:09:18.175966,2022-09-08 16:36:26.709005,435,1,0,VEGA EVEREST,0.0,9602693.0,V7A5454,157.0,23.0,12.0,17.0,6.5,RU LED
574005150,2022-09-08 22:35:10.015653,2022-09-08 22:35:10.015653,1,0,0,UNKNOWN VESSEL,0.0,0.0,UNKNOWN,0.0,0.0,0.0,0.0,0.0,UNKNOWN
636011914,2022-09-08 00:24:39.482712,2022-09-08 01:49:58.282866,203,0,0,KRYMSK,0.0,9270529.0,A8CE4,210.0,40.0,22.0,22.0,14.2,RU PRI=>EG PSD
636012647,2022-09-08 02:43:29.002575,2022-09-08 04:33:49.642474,224,1,0,ADYGEYA,0.0,9292204.0,A8GT9,201.0,43.0,17.0,25.0,15.0,RU ULU > IN VAD
636016149,2022-09-08 00:29:56.122623,2022-09-08 02:01:07.722680,467,0,0,CORAL LACERA,0.0,9350898.0,D5ES2,87.0,22.0,9.0,9.0,6.1,BEANR
636016363,2022-09-08 06:56:53.536118,2022-09-08 09:09:23.562548,895,0,0,CHEM NEW ORLEANS,0.0,9705756.0,D5FU3,118.0,27.0,6.0,18.0,6.2,KLAIPEDA
636019152,2022-09-08 09:00:46.949243,2022-09-08 11:11:06.495871,530,0,0,CLEAROCEAN AJAX,0.0,9850692.0,D5TE5,204.0,46.0,26.0,18.0,14.5,NL AMS
636020457,2022-09-08 00:00:07.349103,2022-09-08 23:57:12.549131,474,0,0,TRANSAMERICA,0.0,9486257.0,D5ZI2,120.0,29.0,7.0,19.0,5.9,EE TLL
636021515,2022-09-08 00:05:29.268981,2022-09-08 13:43:50.709481,1633,1,0,ABERLOUR,0.0,9878022.0,5LEH8,130.0,24.0,6.0,30.0,9.0,LV VNT
636021811,2022-09-08 09:37:42.762521,2022-09-08 23:57:06.282265,1052,0,0,SUEZ FURY,0.0,9301536.0,5LFU5,228.0,45.0,31.0,17.0,8.5,EETLL
636021850,2022-09-08 00:01:15.722478,2022-09-08 14:20:25.616260,2379,1,0,LADYBUG,0.0,9391385.0,A8PW5,152.0,33.0,20.0,8.0,7.0,RULED
636021907,2022-09-08 14:02:30.175687,2022-09-08 18:02:32.149022,1032,0,0,LEA,0.0,9271327.0,A8JR2,208.0,32.0,21.0,21.0,9.3,EETLL
636022144,2022-09-08 09:56:13.655029,2022-09-08 11:45:25.295925,174,2,0,KMAX VISION,0.0,9436654.0,5LHJ5,194.0,36.0,10.0,27.0,7.3,UST LUGA
636092297,2022-09-08 00:01:47.669132,2022-09-08 23:55:56.869048,194,10,0,JOHANN,0.0,9534298.0,D5HS1,99.0,16.0,8.0,7.0,5.1,EE BEK
664445000,2022-09-08 00:21:06.469038,2022-09-08 18:41:52.895929,833,19,0,SEYCHELLES PATRIOT,0.0,9365635.0,S7VR,157.0,32.0,16.0,16.0,7.0,RUPRI
